Question,Answer,Question Text,Response,Domain,Driver,Influencer,Implementer,Analyst,Achievement,Influence,Stability,Mastery,Results,Vision,People,Process,Compete,Collaborate,Compromise,Avoidance,Competitive,Creative,Collaborative,Structured,Control,Scatter,Withdrawal,Critical
1,A," When starting a new initiative, what do you focus on first?","Start quickly, then adjust as I learn",Operating Style,,,,,,,,,,,,,,,,,,,,,,,,
1,B," When starting a new initiative, what do you focus on first?",Plan the full approach before starting,Operating Style,,,,,,,,,,,,,,,,,,,,,,,,
1,C," When starting a new initiative, what do you focus on first?",Check with key people before moving,Operating Style,,,,,,,,,,,,,,,,,,,,,,,,
1,D," When starting a new initiative, what do you focus on first?",Wait until direction is fully clear,Operating Style,,,,,,,,,,,,,,,,,,,,,,,,
2,A, How would you describe your natural pace at work?,I work fast and keep urgency high,Operating Style,,,,,,,,,,,,,,,,,,,,,,,,
2,B, How would you describe your natural pace at work?,"I keep a steady, reliable pace",Operating Style,,,,,,,,,,,,,,,,,,,,,,,,
2,C, How would you describe your natural pace at work?,I work calmly and think things through,Operating Style,,,,,,,,,,,,,,,,,,,,,,,,
2,D, How would you describe your natural pace at work?,My pace shifts with the environment,Operating Style,,,,,,,,,,,,,,,,,,,,,,,,
3,A," When priorities shift suddenly, what is your instinct?",I pivot quickly and keep moving,Operating Style,,,,,,,,,,,,,,,,,,,,,,,,
3,B," When priorities shift suddenly, what is your instinct?",I pause to rework the plan,Operating Style,,,,,,,,,,,,,,,,,,,,,,,,
3,C," When priorities shift suddenly, what is your instinct?",I check who will be affected first,Operating Style,,,,,,,,,,,,,,,,,,,,,,,,
3,D," When priorities shift suddenly, what is your instinct?",I lose momentum until things settle,Operating Style,,,,,,,,,,,,,,,,,,,,,,,,
4,A, What type of work do you naturally gravitate towards?,High-stakes work with visible outcomes,Operating Style,,,,,,,,,,,,,,,,,,,,,,,,
4,B, What type of work do you naturally gravitate towards?,Work with clear structure and scope,Operating Style,,,,,,,,,,,,,,,,,,,,,,,,
4,C, What type of work do you naturally gravitate towards?,Work that depends on strong collaboration,Operating Style,,,,,,,,,,,,,,,,,,,,,,,,
4,D, What type of work do you naturally gravitate towards?,Technical work that needs deep analysis,Operating Style,,,,,,,,,,,,,,,,,,,,,,,,
5,A," When there is little clarity, what do you do first?",Pick a direction and move forward,Operating Style,,,,,,,,,,,,,,,,,,,,,,,,
5,B," When there is little clarity, what do you do first?",Gather more information before committing,Operating Style,,,,,,,,,,,,,,,,,,,,,,,,
5,C," When there is little clarity, what do you do first?",Check with others before deciding,Operating Style,,,,,,,,,,,,,,,,,,,,,,,,
5,D," When there is little clarity, what do you do first?",Hold the line until things stabilise,Operating Style,,,,,,,,,,,,,,,,,,,,,,,,
6,A," When working on something important, how do you handle detail?",I prioritise speed over fine detail,Operating Style,,,,,,,,,,,,,,,,,,,,,,,,
6,B," When working on something important, how do you handle detail?",I balance detail with delivery speed,Operating Style,,,,,,,,,,,,,,,,,,,,,,,,
6,C," When working on something important, how do you handle detail?",I go deep on details early,Operating Style,,,,,,,,,,,,,,,,,,,,,,,,
6,D," When working on something important, how do you handle detail?",I hand off detail work when possible,Operating Style,,,,,,,,,,,,,,,,,,,,,,,,
7,A," When receiving feedback, what is your immediate reaction?",I use it to improve quickly,Operating Style,,,,,,,,,,,,,,,,,,,,,,,,
7,B," When receiving feedback, what is your immediate reaction?",I turn it into a better plan,Operating Style,,,,,,,,,,,,,,,,,,,,,,,,
7,C," When receiving feedback, what is your immediate reaction?",I take it personally at first,Operating Style,,,,,,,,,,,,,,,,,,,,,,,,
7,D," When receiving feedback, what is your immediate reaction?",I need clear evidence to accept it,Operating Style,,,,,,,,,,,,,,,,,,,,,,,,
8,A," When making decisions, what do you rely on most?",Quick judgement from experience and pace,Operating Style,,,,,,,,,,,,,,,,,,,,,,,,
8,B," When making decisions, what do you rely on most?","Mix instinct, input, and available facts",Operating Style,,,,,,,,,,,,,,,,,,,,,,,,
8,C," When making decisions, what do you rely on most?",Slow down to avoid costly mistakes,Operating Style,,,,,,,,,,,,,,,,,,,,,,,,
8,D," When making decisions, what do you rely on most?","Evidence, patterns, and hard data",Operating Style,,,,,,,,,,,,,,,,,,,,,,,,
9,A," In meetings, how do you usually contribute?",Set direction and keep discussion focused,Operating Style,,,,,,,,,,,,,,,,,,,,,,,,
9,B," In meetings, how do you usually contribute?",Generate options and build momentum,Operating Style,,,,,,,,,,,,,,,,,,,,,,,,
9,C," In meetings, how do you usually contribute?",Support others and draw quieter voices in,Operating Style,,,,,,,,,,,,,,,,,,,,,,,,
9,D," In meetings, how do you usually contribute?",Test ideas by challenging assumptions,Operating Style,,,,,,,,,,,,,,,,,,,,,,,,
10,A, How would others describe your communication style?,Direct and concise,Operating Style,,,,,,,,,,,,,,,,,,,,,,,,
10,B, How would others describe your communication style?,Persuasive and expressive,Operating Style,,,,,,,,,,,,,,,,,,,,,,,,
10,C, How would others describe your communication style?,Patient and empathetic,Operating Style,,,,,,,,,,,,,,,,,,,,,,,,
10,D, How would others describe your communication style?,Precise and factual,Operating Style,,,,,,,,,,,,,,,,,,,,,,,,
11,A," When leading a project, where does your focus go first?",Set ambitious targets and clear ownership,Leadership Approach,,,,,,,,,,,,,,,,,,,,,,,,
11,B," When leading a project, where does your focus go first?",Build energy and commitment around the work,Leadership Approach,,,,,,,,,,,,,,,,,,,,,,,,
11,C," When leading a project, where does your focus go first?",Make sure everyone is heard and included,Leadership Approach,,,,,,,,,,,,,,,,,,,,,,,,
11,D," When leading a project, where does your focus go first?",Build a solid system with clear standards,Leadership Approach,,,,,,,,,,,,,,,,,,,,,,,,
12,A," Under tight time pressure, how do you operate?",Raise intensity and push through bottlenecks,Pressure Response,,,,,,,,,,,,,,,,,,,,,,,,
12,B," Under tight time pressure, how do you operate?",Keep people motivated and moving together,Pressure Response,,,,,,,,,,,,,,,,,,,,,,,,
12,C," Under tight time pressure, how do you operate?",Protect morale so pressure stays manageable,Pressure Response,,,,,,,,,,,,,,,,,,,,,,,,
12,D," Under tight time pressure, how do you operate?",Slow down enough to avoid avoidable errors,Pressure Response,,,,,,,,,,,,,,,,,,,,,,,,
13,A, What kind of environment helps you perform best?,Clear authority and ownership boundaries,Environment Fit,,,,,,,,,,,,,,,,,,,,,,,,
13,B, What kind of environment helps you perform best?,Room to influence people and decisions,Environment Fit,,,,,,,,,,,,,,,,,,,,,,,,
13,C, What kind of environment helps you perform best?,Stable routines and dependable expectations,Environment Fit,,,,,,,,,,,,,,,,,,,,,,,,
13,D, What kind of environment helps you perform best?,Space for deep thinking and analysis,Environment Fit,,,,,,,,,,,,,,,,,,,,,,,,
14,A, How do others typically experience you at work?,"Clear, decisive, and hard to sway",Operating Style,,,,,,,,,,,,,,,,,,,,,,,,
14,B, How do others typically experience you at work?,"Energetic, persuasive, and outward-facing",Operating Style,,,,,,,,,,,,,,,,,,,,,,,,
14,C, How do others typically experience you at work?,"Dependable, steady, and easy to trust",Operating Style,,,,,,,,,,,,,,,,,,,,,,,,
14,D, How do others typically experience you at work?,"Thoughtful, measured, and careful with words",Operating Style,,,,,,,,,,,,,,,,,,,,,,,,
15,A, What frustrates you most in a working environment?,Endless delays and no clear decisions,Environment Fit,,,,,,,,,,,,,,,,,,,,,,,,
15,B, What frustrates you most in a working environment?,Flat energy and low personal ownership,Environment Fit,,,,,,,,,,,,,,,,,,,,,,,,
15,C, What frustrates you most in a working environment?,Tension that turns personal or hostile,Environment Fit,,,,,,,,,,,,,,,,,,,,,,,,
15,D, What frustrates you most in a working environment?,Decisions made without sound reasoning,Environment Fit,,,,,,,,,,,,,,,,,,,,,,,,
16,A, What drives you to perform at your best?,Hitting clear targets and seeing results,Core Drivers,,,,,,,,,,,,,,,,,,,,,,,,
16,B, What drives you to perform at your best?,Shaping decisions that others follow,Core Drivers,,,,,,,,,,,,,,,,,,,,,,,,
16,C, What drives you to perform at your best?,Having security and a predictable base,Core Drivers,,,,,,,,,,,,,,,,,,,,,,,,
16,D, What drives you to perform at your best?,Getting better at something difficult,Core Drivers,,,,,,,,,,,,,,,,,,,,,,,,
17,A," Why does recognition matter to you, if it does?",It shows the work led to results,Core Drivers,,,,,,,,,,,,,,,,,,,,,,,,
17,B," Why does recognition matter to you, if it does?",It raises my visibility for bigger opportunities,Core Drivers,,,,,,,,,,,,,,,,,,,,,,,,
17,C," Why does recognition matter to you, if it does?",It reinforces trust with people around me,Core Drivers,,,,,,,,,,,,,,,,,,,,,,,,
17,D," Why does recognition matter to you, if it does?",It confirms that my expertise is respected,Core Drivers,,,,,,,,,,,,,,,,,,,,,,,,
18,A," Given a choice, what kind of work would you choose more often?",Work with stretch goals and clear stakes,Core Drivers,,,,,,,,,,,,,,,,,,,,,,,,
18,B," Given a choice, what kind of work would you choose more often?",Work that expands my influence network,Core Drivers,,,,,,,,,,,,,,,,,,,,,,,,
18,C," Given a choice, what kind of work would you choose more often?",Work that offers long-term security,Core Drivers,,,,,,,,,,,,,,,,,,,,,,,,
18,D," Given a choice, what kind of work would you choose more often?",Work that builds deep specialist skills,Core Drivers,,,,,,,,,,,,,,,,,,,,,,,,
19,A," If you had complete freedom, how would you choose to work?",Compete hard and track where I stand,Core Drivers,,,,,,,,,,,,,,,,,,,,,,,,
19,B," If you had complete freedom, how would you choose to work?",Build new things and bring others in,Core Drivers,,,,,,,,,,,,,,,,,,,,,,,,
19,C," If you had complete freedom, how would you choose to work?",Protect what works and reduce risk,Core Drivers,,,,,,,,,,,,,,,,,,,,,,,,
19,D," If you had complete freedom, how would you choose to work?",Improve systems until they run better,Core Drivers,,,,,,,,,,,,,,,,,,,,,,,,
20,A, How do you personally measure success?,Goals achieved and outcomes delivered,Core Drivers,,,,,,,,,,,,,,,,,,,,,,,,
20,B, How do you personally measure success?,Positive impact on people and business,Core Drivers,,,,,,,,,,,,,,,,,,,,,,,,
20,C, How do you personally measure success?,Healthy relationships and low friction,Core Drivers,,,,,,,,,,,,,,,,,,,,,,,,
20,D, How do you personally measure success?,High standards met without shortcuts,Core Drivers,,,,,,,,,,,,,,,,,,,,,,,,
21,A, What kind of work gives you energy?,Work where winning is clearly visible,Core Drivers,,,,,,,,,,,,,,,,,,,,,,,,
21,B, What kind of work gives you energy?,Work where I can energise others,Core Drivers,,,,,,,,,,,,,,,,,,,,,,,,
21,C, What kind of work gives you energy?,Work where I can support the team,Core Drivers,,,,,,,,,,,,,,,,,,,,,,,,
21,D, What kind of work gives you energy?,Work where I can solve complex problems,Core Drivers,,,,,,,,,,,,,,,,,,,,,,,,
22,A, What causes you to disengage from work?,Weak goals with no real consequence,Core Drivers,,,,,,,,,,,,,,,,,,,,,,,,
22,B, What causes you to disengage from work?,My input is ignored repeatedly,Core Drivers,,,,,,,,,,,,,,,,,,,,,,,,
22,C, What causes you to disengage from work?,Conflict stays unresolved and keeps spreading,Core Drivers,,,,,,,,,,,,,,,,,,,,,,,,
22,D, What causes you to disengage from work?,Standards drop and nobody addresses it,Core Drivers,,,,,,,,,,,,,,,,,,,,,,,,
23,A, What kind of leader do you respect most?,One who takes charge in tough moments,Leadership Approach,,,,,,,,,,,,,,,,,,,,,,,,
23,B, What kind of leader do you respect most?,"One who sets a clear, compelling direction",Leadership Approach,,,,,,,,,,,,,,,,,,,,,,,,
23,C, What kind of leader do you respect most?,One who develops people with consistency,Leadership Approach,,,,,,,,,,,,,,,,,,,,,,,,
23,D, What kind of leader do you respect most?,One who brings clarity and sound judgement,Leadership Approach,,,,,,,,,,,,,,,,,,,,,,,,
24,A, When do you feel most valued at work?,Given meaningful responsibility and trust,Core Drivers,,,,,,,,,,,,,,,,,,,,,,,,
24,B, When do you feel most valued at work?,Asked for input on important calls,Core Drivers,,,,,,,,,,,,,,,,,,,,,,,,
24,C, When do you feel most valued at work?,Included in conversations that affect me,Core Drivers,,,,,,,,,,,,,,,,,,,,,,,,
24,D, When do you feel most valued at work?,Recognised for depth of expertise,Core Drivers,,,,,,,,,,,,,,,,,,,,,,,,
25,A," In a team, what role do you naturally take?",Set direction and make key calls,Leadership Approach,,,,,,,,,,,,,,,,,,,,,,,,
25,B," In a team, what role do you naturally take?",Connect people and keep momentum up,Leadership Approach,,,,,,,,,,,,,,,,,,,,,,,,
25,C," In a team, what role do you naturally take?",Keep the team stable and coordinated,Leadership Approach,,,,,,,,,,,,,,,,,,,,,,,,
25,D," In a team, what role do you naturally take?",Go deep as the subject specialist,Leadership Approach,,,,,,,,,,,,,,,,,,,,,,,,
26,A, Do you prefer working independently or with others?,Mostly independently with clear ownership,Environment Fit,,,,,,,,,,,,,,,,,,,,,,,,
26,B, Do you prefer working independently or with others?,Closely with others through active collaboration,Environment Fit,,,,,,,,,,,,,,,,,,,,,,,,
26,C, Do you prefer working independently or with others?,With a stable team and clear norms,Environment Fit,,,,,,,,,,,,,,,,,,,,,,,,
26,D, Do you prefer working independently or with others?,With people who challenge my thinking,Environment Fit,,,,,,,,,,,,,,,,,,,,,,,,
27,A," When you are left out of decisions, how do you respond?",Ask directly why I was excluded,Tension Response,,,,,,,,,,,,,,,,,,,,,,,,
27,B," When you are left out of decisions, how do you respond?",Re-enter quickly and rebuild alignment,Tension Response,,,,,,,,,,,,,,,,,,,,,,,,
27,C," When you are left out of decisions, how do you respond?",Step back and wait for a better moment,Tension Response,,,,,,,,,,,,,,,,,,,,,,,,
27,D," When you are left out of decisions, how do you respond?",Review what happened before responding,Tension Response,,,,,,,,,,,,,,,,,,,,,,,,
28,A, What do you actively look for in your work?,Decision rights and real accountability,Core Drivers,,,,,,,,,,,,,,,,,,,,,,,,
28,B, What do you actively look for in your work?,Reach and influence across the business,Core Drivers,,,,,,,,,,,,,,,,,,,,,,,,
28,C, What do you actively look for in your work?,Belonging and mutual trust,Core Drivers,,,,,,,,,,,,,,,,,,,,,,,,
28,D, What do you actively look for in your work?,Mastery and strong capability growth,Core Drivers,,,,,,,,,,,,,,,,,,,,,,,,
29,A,Think back to the last time you disagreed with a colleague. What approach did you take?,Push for my position and try to win,Tension Response,,,,,,,,,,,,,,,,,,,,,,,,
29,B,Think back to the last time you disagreed with a colleague. What approach did you take?,Make my case until they come around,Tension Response,,,,,,,,,,,,,,,,,,,,,,,,
29,C,Think back to the last time you disagreed with a colleague. What approach did you take?,Look for middle ground we can both accept,Tension Response,,,,,,,,,,,,,,,,,,,,,,,,
29,D,Think back to the last time you disagreed with a colleague. What approach did you take?,Step back to avoid making it worse,Tension Response,,,,,,,,,,,,,,,,,,,,,,,,
30,A,Recall a time you were challenged in front of others. How did you respond in the moment?,Hold my ground and respond directly,Tension Response,,,,,,,,,,,,,,,,,,,,,,,,
30,B,Recall a time you were challenged in front of others. How did you respond in the moment?,React quickly and show my frustration,Tension Response,,,,,,,,,,,,,,,,,,,,,,,,
30,C,Recall a time you were challenged in front of others. How did you respond in the moment?,Lower the temperature before discussing details,Tension Response,,,,,,,,,,,,,,,,,,,,,,,,
30,D,Recall a time you were challenged in front of others. How did you respond in the moment?,Slow down and clarify what is factual,Tension Response,,,,,,,,,,,,,,,,,,,,,,,,
31,A,"When someone on your team last underperformed, what did you do first?",Address the issue directly with them,Leadership Approach,,,,,,,,,,,,,,,,,,,,,,,,
31,B,"When someone on your team last underperformed, what did you do first?",Encourage them and reset expectations together,Leadership Approach,,,,,,,,,,,,,,,,,,,,,,,,
31,C,"When someone on your team last underperformed, what did you do first?",Offer support privately before escalating,Leadership Approach,,,,,,,,,,,,,,,,,,,,,,,,
31,D,"When someone on your team last underperformed, what did you do first?",Check whether process gaps caused the drop,Leadership Approach,,,,,,,,,,,,,,,,,,,,,,,,
32,A,Think of a situation where you chose not to engage in conflict. Why did you hold back?,The issue did not justify a fight,Tension Response,,,,,,,,,,,,,,,,,,,,,,,,
32,B,Think of a situation where you chose not to engage in conflict. Why did you hold back?,Preserving the relationship mattered more,Tension Response,,,,,,,,,,,,,,,,,,,,,,,,
32,C,Think of a situation where you chose not to engage in conflict. Why did you hold back?,I worried it would become personal,Tension Response,,,,,,,,,,,,,,,,,,,,,,,,
32,D,Think of a situation where you chose not to engage in conflict. Why did you hold back?,The argument was too weak to pursue,Tension Response,,,,,,,,,,,,,,,,,,,,,,,,
33,A,"In a recent disagreement, what strength did you rely on most?",Stayed direct even when it was uncomfortable,Tension Response,,,,,,,,,,,,,,,,,,,,,,,,
33,B,"In a recent disagreement, what strength did you rely on most?",Framed the message to gain buy-in,Tension Response,,,,,,,,,,,,,,,,,,,,,,,,
33,C,"In a recent disagreement, what strength did you rely on most?",Tried to understand their perspective first,Tension Response,,,,,,,,,,,,,,,,,,,,,,,,
33,D,"In a recent disagreement, what strength did you rely on most?",Kept to facts and separated emotion,Tension Response,,,,,,,,,,,,,,,,,,,,,,,,
34,A,"Looking back, what is your most common mistake in conflict situations?",I push too hard to get my way,Tension Response,,,,,,,,,,,,,,,,,,,,,,,,
34,B,"Looking back, what is your most common mistake in conflict situations?",I talk too much instead of listening,Tension Response,,,,,,,,,,,,,,,,,,,,,,,,
34,C,"Looking back, what is your most common mistake in conflict situations?",I avoid it and hope it passes,Tension Response,,,,,,,,,,,,,,,,,,,,,,,,
34,D,"Looking back, what is your most common mistake in conflict situations?",I overthink and respond too late,Tension Response,,,,,,,,,,,,,,,,,,,,,,,,
35,A,"Under sustained pressure, what behaviour do you tend to fall into over time?",I become controlling and less trusting,Pressure Response,,,,,,,,,,,,,,,,,,,,,,,,
35,B,"Under sustained pressure, what behaviour do you tend to fall into over time?",I jump between issues and lose focus,Pressure Response,,,,,,,,,,,,,,,,,,,,,,,,
35,C,"Under sustained pressure, what behaviour do you tend to fall into over time?",I avoid hard conversations for too long,Pressure Response,,,,,,,,,,,,,,,,,,,,,,,,
35,D,"Under sustained pressure, what behaviour do you tend to fall into over time?",I become overly critical of others,Pressure Response,,,,,,,,,,,,,,,,,,,,,,,,
36,A,"When you last felt overwhelmed at work, what did you do first?",I took over tasks instead of delegating,Pressure Response,,,,,,,,,,,,,,,,,,,,,,,,
36,B,"When you last felt overwhelmed at work, what did you do first?",I talked it through with too many people,Pressure Response,,,,,,,,,,,,,,,,,,,,,,,,
36,C,"When you last felt overwhelmed at work, what did you do first?",I pulled back and reduced communication,Pressure Response,,,,,,,,,,,,,,,,,,,,,,,,
36,D,"When you last felt overwhelmed at work, what did you do first?",I kept analysing instead of deciding,Pressure Response,,,,,,,,,,,,,,,,,,,,,,,,
37,A,Think of a time when trust was broken. How did you respond?,I reacted before I had the full picture,Tension Response,,,,,,,,,,,,,,,,,,,,,,,,
37,B,Think of a time when trust was broken. How did you respond?,I voiced frustration immediately and strongly,Tension Response,,,,,,,,,,,,,,,,,,,,,,,,
37,C,Think of a time when trust was broken. How did you respond?,I kept it to myself and stewed,Tension Response,,,,,,,,,,,,,,,,,,,,,,,,
37,D,Think of a time when trust was broken. How did you respond?,I stayed polite but became emotionally distant,Tension Response,,,,,,,,,,,,,,,,,,,,,,,,
38,A,How might someone who has worked closely with you describe you under pressure?,More intense and harder to approach,Pressure Response,,,,,,,,,,,,,,,,,,,,,,,,
38,B,How might someone who has worked closely with you describe you under pressure?,More reactive and emotionally visible,Pressure Response,,,,,,,,,,,,,,,,,,,,,,,,
38,C,How might someone who has worked closely with you describe you under pressure?,Quieter and slower to engage,Pressure Response,,,,,,,,,,,,,,,,,,,,,,,,
38,D,How might someone who has worked closely with you describe you under pressure?,Detached and focused only on facts,Pressure Response,,,,,,,,,,,,,,,,,,,,,,,,
39,A,"Looking back, what blind spot shows up most often in your behaviour?",I rush people when progress feels slow,Pressure Response,,,,,,,,,,,,,,,,,,,,,,,,
39,B,"Looking back, what blind spot shows up most often in your behaviour?",I assume things will work out too easily,Pressure Response,,,,,,,,,,,,,,,,,,,,,,,,
39,C,"Looking back, what blind spot shows up most often in your behaviour?",I sidestep tension instead of addressing it,Pressure Response,,,,,,,,,,,,,,,,,,,,,,,,
39,D,"Looking back, what blind spot shows up most often in your behaviour?",I chase perfect instead of good enough,Pressure Response,,,,,,,,,,,,,,,,,,,,,,,,
40,A,"When you feel under threat or exposed, what is your instinctive reaction?",Go on the offensive and push back hard,Pressure Response,,,,,,,,,,,,,,,,,,,,,,,,
40,B,"When you feel under threat or exposed, what is your instinctive reaction?",Justify myself and protect my position,Pressure Response,,,,,,,,,,,,,,,,,,,,,,,,
40,C,"When you feel under threat or exposed, what is your instinctive reaction?",Shut down and struggle to respond,Pressure Response,,,,,,,,,,,,,,,,,,,,,,,,
40,D,"When you feel under threat or exposed, what is your instinctive reaction?",Overanalyse every possible downside,Pressure Response,,,,,,,,,,,,,,,,,,,,,,,,
41,A, How do you generally view risk?,A chance worth taking if upside is strong,Operating Style,,,,,,,,,,,,,,,,,,,,,,,,
41,B, How do you generally view risk?,Necessary if the mission is worth it,Operating Style,,,,,,,,,,,,,,,,,,,,,,,,
41,C, How do you generally view risk?,Fine when exposure is understood and managed,Operating Style,,,,,,,,,,,,,,,,,,,,,,,,
41,D, How do you generally view risk?,A threat unless controls are in place,Operating Style,,,,,,,,,,,,,,,,,,,,,,,,
42,A, What kind of decisions do you prefer to make?,Quick calls with limited delay,Operating Style,,,,,,,,,,,,,,,,,,,,,,,,
42,B, What kind of decisions do you prefer to make?,Shared calls with key people aligned,Operating Style,,,,,,,,,,,,,,,,,,,,,,,,
42,C, What kind of decisions do you prefer to make?,Low-risk calls with predictable outcomes,Operating Style,,,,,,,,,,,,,,,,,,,,,,,,
42,D, What kind of decisions do you prefer to make?,Evidence-led calls with clear assumptions tested,Operating Style,,,,,,,,,,,,,,,,,,,,,,,,
43,A,Think of a recent high-stakes decision. What did you prioritise most?,Move fast to keep options open,Operating Style,,,,,,,,,,,,,,,,,,,,,,,,
43,B,Think of a recent high-stakes decision. What did you prioritise most?,Build alignment so execution holds,Operating Style,,,,,,,,,,,,,,,,,,,,,,,,
43,C,Think of a recent high-stakes decision. What did you prioritise most?,Protect stability and avoid major disruption,Operating Style,,,,,,,,,,,,,,,,,,,,,,,,
43,D,Think of a recent high-stakes decision. What did you prioritise most?,Compare scenarios before committing resources,Operating Style,,,,,,,,,,,,,,,,,,,,,,,,
44,A,"When you last had to make a judgement call, what did you trust most?",Pattern recognition and lived judgement,Operating Style,,,,,,,,,,,,,,,,,,,,,,,,
44,B,"When you last had to make a judgement call, what did you trust most?",Input from people I trust,Operating Style,,,,,,,,,,,,,,,,,,,,,,,,
44,C,"When you last had to make a judgement call, what did you trust most?",What keeps the system stable,Operating Style,,,,,,,,,,,,,,,,,,,,,,,,
44,D,"When you last had to make a judgement call, what did you trust most?",Data quality and decision evidence,Operating Style,,,,,,,,,,,,,,,,,,,,,,,,
45,A, What level of uncertainty are you comfortable with?,High uncertainty with big upside potential,Operating Style,,,,,,,,,,,,,,,,,,,,,,,,
45,B, What level of uncertainty are you comfortable with?,Frequent change with room to adapt,Operating Style,,,,,,,,,,,,,,,,,,,,,,,,
45,C, What level of uncertainty are you comfortable with?,Moderate uncertainty with clear guardrails,Operating Style,,,,,,,,,,,,,,,,,,,,,,,,
45,D, What level of uncertainty are you comfortable with?,Low uncertainty with strong structure,Operating Style,,,,,,,,,,,,,,,,,,,,,,,,
46,A, What is the primary responsibility of a leader?,Set direction and deliver measurable results,Leadership Approach,,,,,,,,,,,,,,,,,,,,,,,,
46,B, What is the primary responsibility of a leader?,Create belief people want to follow,Leadership Approach,,,,,,,,,,,,,,,,,,,,,,,,
46,C, What is the primary responsibility of a leader?,Grow people so the team gets stronger,Leadership Approach,,,,,,,,,,,,,,,,,,,,,,,,
46,D, What is the primary responsibility of a leader?,Build systems that scale reliably,Leadership Approach,,,,,,,,,,,,,,,,,,,,,,,,
47,A, How should poor performance be handled?,Set clear consequences and raise expectations,Leadership Approach,,,,,,,,,,,,,,,,,,,,,,,,
47,B, How should poor performance be handled?,Reconnect effort to purpose and momentum,Leadership Approach,,,,,,,,,,,,,,,,,,,,,,,,
47,C, How should poor performance be handled?,Coach directly and remove blockers,Leadership Approach,,,,,,,,,,,,,,,,,,,,,,,,
47,D, How should poor performance be handled?,Fix process issues driving the problem,Leadership Approach,,,,,,,,,,,,,,,,,,,,,,,,
48,A, How do you naturally lead others?,By setting direction and making decisions,Leadership Approach,,,,,,,,,,,,,,,,,,,,,,,,
48,B, How do you naturally lead others?,By creating energy and visible momentum,Leadership Approach,,,,,,,,,,,,,,,,,,,,,,,,
48,C, How do you naturally lead others?,By supporting people through pressure,Leadership Approach,,,,,,,,,,,,,,,,,,,,,,,,
48,D, How do you naturally lead others?,By bringing expertise to hard problems,Leadership Approach,,,,,,,,,,,,,,,,,,,,,,,,
49,A, What is the role of authority in organisations?,Authority should be used decisively when needed,Leadership Approach,,,,,,,,,,,,,,,,,,,,,,,,
49,B, What is the role of authority in organisations?,Authority should be earned through trust,Leadership Approach,,,,,,,,,,,,,,,,,,,,,,,,
49,C, What is the role of authority in organisations?,Authority should be shared where possible,Leadership Approach,,,,,,,,,,,,,,,,,,,,,,,,
49,D, What is the role of authority in organisations?,Authority should be clear in the structure,Leadership Approach,,,,,,,,,,,,,,,,,,,,,,,,
50,A, When do you feel most confident leading?,In a crisis that needs fast calls,Leadership Approach,,,,,,,,,,,,,,,,,,,,,,,,
50,B, When do you feel most confident leading?,In growth phases that need energy,Leadership Approach,,,,,,,,,,,,,,,,,,,,,,,,
50,C, When do you feel most confident leading?,In steady periods that need consistency,Leadership Approach,,,,,,,,,,,,,,,,,,,,,,,,
50,D, When do you feel most confident leading?,In complex situations needing careful judgement,Leadership Approach,,,,,,,,,,,,,,,,,,,,,,,,
51,A, What does an ideal working culture look like to you?,High-performance culture with clear accountability,Environment Fit,,,,,,,,,,,,,,,,,,,,,,,,
51,B, What does an ideal working culture look like to you?,Creative culture that rewards experimentation,Environment Fit,,,,,,,,,,,,,,,,,,,,,,,,
51,C, What does an ideal working culture look like to you?,Collaborative culture with strong trust,Environment Fit,,,,,,,,,,,,,,,,,,,,,,,,
51,D, What does an ideal working culture look like to you?,Structured culture with clear standards,Environment Fit,,,,,,,,,,,,,,,,,,,,,,,,
52,A, How should success be measured in an organisation?,Strong financial results and margin discipline,Environment Fit,,,,,,,,,,,,,,,,,,,,,,,,
52,B, How should success be measured in an organisation?,Sustainable growth in capability and reach,Environment Fit,,,,,,,,,,,,,,,,,,,,,,,,
52,C, How should success be measured in an organisation?,Healthy engagement and low team friction,Environment Fit,,,,,,,,,,,,,,,,,,,,,,,,
52,D, How should success be measured in an organisation?,Operational efficiency and consistent delivery,Environment Fit,,,,,,,,,,,,,,,,,,,,,,,,
53,A, What should culture prioritise above all else?,High standards and measurable performance,Environment Fit,,,,,,,,,,,,,,,,,,,,,,,,
53,B, What should culture prioritise above all else?,Experimentation that leads to real learning,Environment Fit,,,,,,,,,,,,,,,,,,,,,,,,
53,C, What should culture prioritise above all else?,"Belonging, trust, and psychological safety",Environment Fit,,,,,,,,,,,,,,,,,,,,,,,,
53,D, What should culture prioritise above all else?,Consistency in how work gets done,Environment Fit,,,,,,,,,,,,,,,,,,,,,,,,
54,A, How should accountability show up in a team?,Expectations are explicit and hard to ignore,Leadership Approach,,,,,,,,,,,,,,,,,,,,,,,,
54,B, How should accountability show up in a team?,People own outcomes because purpose is clear,Leadership Approach,,,,,,,,,,,,,,,,,,,,,,,,
54,C, How should accountability show up in a team?,Accountability is fair and applied evenly,Leadership Approach,,,,,,,,,,,,,,,,,,,,,,,,
54,D, How should accountability show up in a team?,Progress is measured with clear metrics,Leadership Approach,,,,,,,,,,,,,,,,,,,,,,,,
55,A, What kind of culture do you struggle in?,Slow cultures where decisions drag on,Environment Fit,,,,,,,,,,,,,,,,,,,,,,,,
55,B, What kind of culture do you struggle in?,Risk-averse cultures that reject new ideas,Environment Fit,,,,,,,,,,,,,,,,,,,,,,,,
55,C, What kind of culture do you struggle in?,Harsh cultures that normalise blame,Environment Fit,,,,,,,,,,,,,,,,,,,,,,,,
55,D, What kind of culture do you struggle in?,Chaotic cultures with no clear process,Environment Fit,,,,,,,,,,,,,,,,,,,,,,,,
56,A, What type of role suits you best?,Owning commercial outcomes across teams,Environment Fit,,,,,,,,,,,,,,,,,,,,,,,,
56,B, What type of role suits you best?,Building partnerships and opening opportunities,Environment Fit,,,,,,,,,,,,,,,,,,,,,,,,
56,C, What type of role suits you best?,Running operations with reliability and pace,Environment Fit,,,,,,,,,,,,,,,,,,,,,,,,
56,D, What type of role suits you best?,Solving specialist problems with deep expertise,Environment Fit,,,,,,,,,,,,,,,,,,,,,,,,
57,A, Where does your natural strength lie?,Driving change when momentum is needed,Operating Style,,,,,,,,,,,,,,,,,,,,,,,,
57,B, Where does your natural strength lie?,Influencing people across functions and levels,Operating Style,,,,,,,,,,,,,,,,,,,,,,,,
57,C, Where does your natural strength lie?,Keeping delivery stable during disruption,Operating Style,,,,,,,,,,,,,,,,,,,,,,,,
57,D, Where does your natural strength lie?,Analysing complexity and finding clear patterns,Operating Style,,,,,,,,,,,,,,,,,,,,,,,,
58,A, In what kind of environment do you thrive?,Stretch goals with clear accountability,Environment Fit,,,,,,,,,,,,,,,,,,,,,,,,
58,B, In what kind of environment do you thrive?,Strong relationships that move work forward,Environment Fit,,,,,,,,,,,,,,,,,,,,,,,,
58,C, In what kind of environment do you thrive?,Predictable environment with minimal surprises,Environment Fit,,,,,,,,,,,,,,,,,,,,,,,,
58,D, In what kind of environment do you thrive?,Clear systems that support quality execution,Environment Fit,,,,,,,,,,,,,,,,,,,,,,,,
59,A, What is the greatest value you bring to a company?,Creating momentum when progress stalls,Core Drivers,,,,,,,,,,,,,,,,,,,,,,,,
59,B, What is the greatest value you bring to a company?,Building engagement that lifts team effort,Core Drivers,,,,,,,,,,,,,,,,,,,,,,,,
59,C, What is the greatest value you bring to a company?,Delivering reliably under pressure,Core Drivers,,,,,,,,,,,,,,,,,,,,,,,,
59,D, What is the greatest value you bring to a company?,Bringing precision to important decisions,Core Drivers,,,,,,,,,,,,,,,,,,,,,,,,
60,A,Think of a time when progress stalled on something important. What did you do next?,Tightened priorities and pushed faster decisions,Operating Style,,,,,,,,,,,,,,,,,,,,,,,,
60,B,Think of a time when progress stalled on something important. What did you do next?,Reframed the goal and re-energised people,Operating Style,,,,,,,,,,,,,,,,,,,,,,,,
60,C,Think of a time when progress stalled on something important. What did you do next?,Stabilised workload and reduced extra disruption,Operating Style,,,,,,,,,,,,,,,,,,,,,,,,
60,D,Think of a time when progress stalled on something important. What did you do next?,Reworked the plan and challenged assumptions,Operating Style,,,,,,,,,,,,,,,,,,,,,,,,
61,A,"When someone strongly challenged your idea recently, how did you respond?",Defended my view and argued my case,Tension Response,,,,,,,,,,,,,,,,,,,,,,,,
61,B,"When someone strongly challenged your idea recently, how did you respond?",Reframed it to build broader support,Tension Response,,,,,,,,,,,,,,,,,,,,,,,,
61,C,"When someone strongly challenged your idea recently, how did you respond?",Lowered tension so we could keep talking,Tension Response,,,,,,,,,,,,,,,,,,,,,,,,
61,D,"When someone strongly challenged your idea recently, how did you respond?",Tested their reasoning before responding,Tension Response,,,,,,,,,,,,,,,,,,,,,,,,
62,A," In high-performing teams, what matters most to you?",Clear momentum and disciplined execution,Leadership Approach,,,,,,,,,,,,,,,,,,,,,,,,
62,B," In high-performing teams, what matters most to you?",Shared energy and belief in the mission,Leadership Approach,,,,,,,,,,,,,,,,,,,,,,,,
62,C," In high-performing teams, what matters most to you?","Trust, cohesion, and mutual support",Leadership Approach,,,,,,,,,,,,,,,,,,,,,,,,
62,D," In high-performing teams, what matters most to you?",High standards and technical precision,Leadership Approach,,,,,,,,,,,,,,,,,,,,,,,,
63,A,"When a project you were involved in started to drift, what did you do?",Stepped in directly and reset direction,Operating Style,,,,,,,,,,,,,,,,,,,,,,,,
63,B,"When a project you were involved in started to drift, what did you do?",Influenced key people to regain traction,Operating Style,,,,,,,,,,,,,,,,,,,,,,,,
63,C,"When a project you were involved in started to drift, what did you do?",Brought people together to re-align,Operating Style,,,,,,,,,,,,,,,,,,,,,,,,
63,D,"When a project you were involved in started to drift, what did you do?",Tightened process and clarified decision points,Operating Style,,,,,,,,,,,,,,,,,,,,,,,,
64,A,Think of a risky opportunity you evaluated recently. What did you focus on most?,Potential upside if execution went well,Operating Style,,,,,,,,,,,,,,,,,,,,,,,,
64,B,Think of a risky opportunity you evaluated recently. What did you focus on most?,Whether the story would attract support,Operating Style,,,,,,,,,,,,,,,,,,,,,,,,
64,C,Think of a risky opportunity you evaluated recently. What did you focus on most?,Effects on people and team stability,Operating Style,,,,,,,,,,,,,,,,,,,,,,,,
64,D,Think of a risky opportunity you evaluated recently. What did you focus on most?,Evidence strength and probability of success,Operating Style,,,,,,,,,,,,,,,,,,,,,,,,
65,A,"When someone disagreed with you privately, how did you handle it?",Stated my decision and expected alignment,Tension Response,,,,,,,,,,,,,,,,,,,,,,,,
65,B,"When someone disagreed with you privately, how did you handle it?",Worked to win them over to my view,Tension Response,,,,,,,,,,,,,,,,,,,,,,,,
65,C,"When someone disagreed with you privately, how did you handle it?",Explored their concerns before deciding next,Tension Response,,,,,,,,,,,,,,,,,,,,,,,,
65,D,"When someone disagreed with you privately, how did you handle it?",Compared assumptions and logic together,Tension Response,,,,,,,,,,,,,,,,,,,,,,,,
66,A, Why do organisations fail when they grow quickly?,Decision rights get blurred and contested,Leadership Approach,,,,,,,,,,,,,,,,,,,,,,,,
66,B, Why do organisations fail when they grow quickly?,The original vision gets diluted over time,Leadership Approach,,,,,,,,,,,,,,,,,,,,,,,,
66,C, Why do organisations fail when they grow quickly?,Culture fractures across teams and layers,Leadership Approach,,,,,,,,,,,,,,,,,,,,,,,,
66,D, Why do organisations fail when they grow quickly?,Core systems fail under added scale,Leadership Approach,,,,,,,,,,,,,,,,,,,,,,,,
67,A,"In a recent emotionally charged situation, how did you behave?",Became more forceful to regain control,Pressure Response,,,,,,,,,,,,,,,,,,,,,,,,
67,B,"In a recent emotionally charged situation, how did you behave?",Became more expressive and talked it through,Pressure Response,,,,,,,,,,,,,,,,,,,,,,,,
67,C,"In a recent emotionally charged situation, how did you behave?",Focused on calming people before solving,Pressure Response,,,,,,,,,,,,,,,,,,,,,,,,
67,D,"In a recent emotionally charged situation, how did you behave?",Shifted into analysis to avoid reacting,Pressure Response,,,,,,,,,,,,,,,,,,,,,,,,
68,A,Think of a difficult conversation you had. What did you prioritise?,Said the hard thing clearly and early,Tension Response,,,,,,,,,,,,,,,,,,,,,,,,
68,B,Think of a difficult conversation you had. What did you prioritise?,Framed it to keep them engaged,Tension Response,,,,,,,,,,,,,,,,,,,,,,,,
68,C,Think of a difficult conversation you had. What did you prioritise?,Protected the relationship while raising the issue,Tension Response,,,,,,,,,,,,,,,,,,,,,,,,
68,D,Think of a difficult conversation you had. What did you prioritise?,Kept to facts and avoided exaggeration,Tension Response,,,,,,,,,,,,,,,,,,,,,,,,
69,A,"When a decision you made turned out to be wrong, what did you do next?",Owned it quickly and corrected course,Pressure Response,,,,,,,,,,,,,,,,,,,,,,,,
69,B,"When a decision you made turned out to be wrong, what did you do next?",Rebuilt commitment so people stayed engaged,Pressure Response,,,,,,,,,,,,,,,,,,,,,,,,
69,C,"When a decision you made turned out to be wrong, what did you do next?",Protected morale while we reset,Pressure Response,,,,,,,,,,,,,,,,,,,,,,,,
69,D,"When a decision you made turned out to be wrong, what did you do next?",Investigated root causes before the next move,Pressure Response,,,,,,,,,,,,,,,,,,,,,,,,
70,A,"When you joined a new team or organisation, what did you try to understand first?",Who makes the final calls here,Environment Fit,,,,,,,,,,,,,,,,,,,,,,,,
70,B,"When you joined a new team or organisation, what did you try to understand first?",Who really shapes decisions informally,Environment Fit,,,,,,,,,,,,,,,,,,,,,,,,
70,C,"When you joined a new team or organisation, what did you try to understand first?",How trust and relationships actually work,Environment Fit,,,,,,,,,,,,,,,,,,,,,,,,
70,D,"When you joined a new team or organisation, what did you try to understand first?",How the core systems run,Environment Fit,,,,,,,,,,,,,,,,,,,,,,,,
71,A, When are you most effective as a leader?,When clear performance lift is needed,Leadership Approach,,,,,,,,,,,,,,,,,,,,,,,,
71,B, When are you most effective as a leader?,When people need confidence and direction,Leadership Approach,,,,,,,,,,,,,,,,,,,,,,,,
71,C, When are you most effective as a leader?,When the team needs steadiness and trust,Leadership Approach,,,,,,,,,,,,,,,,,,,,,,,,
71,D, When are you most effective as a leader?,When problems require deep expert judgement,Leadership Approach,,,,,,,,,,,,,,,,,,,,,,,,
72,A,"When you last faced competing priorities, how did you decide?",Chose the fastest route to impact,Operating Style,,,,,,,,,,,,,,,,,,,,,,,,
72,B,"When you last faced competing priorities, how did you decide?",Aligned key stakeholders before committing,Operating Style,,,,,,,,,,,,,,,,,,,,,,,,
72,C,"When you last faced competing priorities, how did you decide?",Sought broad agreement before moving ahead,Operating Style,,,,,,,,,,,,,,,,,,,,,,,,
72,D,"When you last faced competing priorities, how did you decide?",Weighed downstream effects before deciding,Operating Style,,,,,,,,,,,,,,,,,,,,,,,,
73,A, What does uncertainty in an organisation usually indicate to you?,A window to move before others do,Operating Style,,,,,,,,,,,,,,,,,,,,,,,,
73,B, What does uncertainty in an organisation usually indicate to you?,A moment to rally people around change,Operating Style,,,,,,,,,,,,,,,,,,,,,,,,
73,C, What does uncertainty in an organisation usually indicate to you?,A warning sign that needs stabilising,Operating Style,,,,,,,,,,,,,,,,,,,,,,,,
73,D, What does uncertainty in an organisation usually indicate to you?,A complex problem to map carefully,Operating Style,,,,,,,,,,,,,,,,,,,,,,,,
74,A, What is the most damaging behaviour a leader can display?,Avoiding decisions when clarity is needed,Leadership Approach,,,,,,,,,,,,,,,,,,,,,,,,
74,B, What is the most damaging behaviour a leader can display?,Making it about ego over outcomes,Leadership Approach,,,,,,,,,,,,,,,,,,,,,,,,
74,C, What is the most damaging behaviour a leader can display?,Losing touch with team reality,Leadership Approach,,,,,,,,,,,,,,,,,,,,,,,,
74,D, What is the most damaging behaviour a leader can display?,Repeated poor judgement on key calls,Leadership Approach,,,,,,,,,,,,,,,,,,,,,,,,
75,A,"When outcomes really mattered, how did you operate differently (if at all)?",Increased pressure and tightened deadlines,Pressure Response,,,,,,,,,,,,,,,,,,,,,,,,
75,B,"When outcomes really mattered, how did you operate differently (if at all)?",Increased communication and visibility,Pressure Response,,,,,,,,,,,,,,,,,,,,,,,,
75,C,"When outcomes really mattered, how did you operate differently (if at all)?",Increased support and removed friction,Pressure Response,,,,,,,,,,,,,,,,,,,,,,,,
75,D,"When outcomes really mattered, how did you operate differently (if at all)?",Increased analysis before major calls,Pressure Response,,,,,,,,,,,,,,,,,,,,,,,,
76,A, What do the best organisations consistently get right?,They compete hard and keep standards high,Environment Fit,,,,,,,,,,,,,,,,,,,,,,,,
76,B, What do the best organisations consistently get right?,They keep people inspired by clear purpose,Environment Fit,,,,,,,,,,,,,,,,,,,,,,,,
76,C, What do the best organisations consistently get right?,They stay cohesive when pressure rises,Environment Fit,,,,,,,,,,,,,,,,,,,,,,,,
76,D, What do the best organisations consistently get right?,They run strong systems consistently,Environment Fit,,,,,,,,,,,,,,,,,,,,,,,,
77,A," When data conflicts with your instinct, what do you do?","Back my instinct, then validate quickly",Operating Style,,,,,,,,,,,,,,,,,,,,,,,,
77,B," When data conflicts with your instinct, what do you do?",Get more viewpoints before committing,Operating Style,,,,,,,,,,,,,,,,,,,,,,,,
77,C," When data conflicts with your instinct, what do you do?",Pause and test where bias may exist,Operating Style,,,,,,,,,,,,,,,,,,,,,,,,
77,D," When data conflicts with your instinct, what do you do?",Follow the evidence even if uncomfortable,Operating Style,,,,,,,,,,,,,,,,,,,,,,,,
78,A," When organisations go through change, what is your instinct?",Push change fast and remove blockers,Pressure Response,,,,,,,,,,,,,,,,,,,,,,,,
78,B," When organisations go through change, what is your instinct?",Explain the vision until it lands,Pressure Response,,,,,,,,,,,,,,,,,,,,,,,,
78,C," When organisations go through change, what is your instinct?",Protect core stability during transition,Pressure Response,,,,,,,,,,,,,,,,,,,,,,,,
78,D," When organisations go through change, what is your instinct?",Design the transition step by step,Pressure Response,,,,,,,,,,,,,,,,,,,,,,,,
79,A, What kind of behaviour should organisations reward most?,Behaviours that deliver wins consistently,Environment Fit,,,,,,,,,,,,,,,,,,,,,,,,
79,B, What kind of behaviour should organisations reward most?,Behaviours that build influence and momentum,Environment Fit,,,,,,,,,,,,,,,,,,,,,,,,
79,C, What kind of behaviour should organisations reward most?,Behaviours that strengthen trust and loyalty,Environment Fit,,,,,,,,,,,,,,,,,,,,,,,,
79,D, What kind of behaviour should organisations reward most?,Behaviours that show strong competence,Environment Fit,,,,,,,,,,,,,,,,,,,,,,,,
80,A," When evaluating people, what do you value most?",Results delivered against clear goals,Core Drivers,,,,,,,,,,,,,,,,,,,,,,,,
80,B," When evaluating people, what do you value most?",Influence created across key stakeholders,Core Drivers,,,,,,,,,,,,,,,,,,,,,,,,
80,C," When evaluating people, what do you value most?",Relationships maintained under pressure,Core Drivers,,,,,,,,,,,,,,,,,,,,,,,,
80,D," When evaluating people, what do you value most?",Quality of thinking behind decisions,Core Drivers,,,,,,,,,,,,,,,,,,,,,,,,
